Workbook

Sheet 📊 ДАШБОРД
A2: 📊 ДАШБОРД — SMM СИСТЕМА
A4: ВСЕГО ПРОЕКТОВ | E4: В РАБОТЕ | I4: НА ПАУЗЕ | M4: ГОТОВО
A5: 27 | E5: =COUNTIF('📋 ПРОЕКТЫ'!C7:C13,"В работе") -> 2 | I5: =COUNTIF('📋 ПРОЕКТЫ'!C7:C13,"На паузе") -> 0 | M5: =COUNTIF('📋 ПРОЕКТЫ'!C7:C13,"Готов") -> 0
A7: Проект | B7: Ответственный | C7: Этапы | D7: Платформа | E7: План рилсов | F7: Сделано | G7: % выполнения | H7: Прогресс
A8: ='📋 ПРОЕКТЫ'!B24 -> Покер Москва | B8: ='📋 ПРОЕКТЫ'!D24 -> Валера | C8: ='📋 ПРОЕКТЫ'!C24 -> Выплачено, Готов | D8: ='📋 ПРОЕКТЫ'!E24 -> Instagram | E8: ='📋 ПРОЕКТЫ'!G24 -> 80 | F8: ='📋 ПРОЕКТЫ'!H24 -> 80 | G8: ='📋 ПРОЕКТЫ'!I24 -> 100 | H8: ='📋 ПРОЕКТЫ'!I24 -> 100
A9: ='📋 ПРОЕКТЫ'!B31 -> Покер Питер | B9: ='📋 ПРОЕКТЫ'!D31 -> Рубцов Александр | C9: ='📋 ПРОЕКТЫ'!C31 -> Выплачено, Готов | D9: ='📋 ПРОЕКТЫ'!E31 -> Instagram | E9: ='📋 ПРОЕКТЫ'!G31 -> 90 | F9: ='📋 ПРОЕКТЫ'!H31 -> 90 | G9: ='📋 ПРОЕКТЫ'!I31 -> 100 | H9: ='📋 ПРОЕКТЫ'!I31 -> 100
A10: ='📋 ПРОЕКТЫ'!B34 -> Баер из Китая | B10: ='📋 ПРОЕКТЫ'!D34 -> Константин | C10: ='📋 ПРОЕКТЫ'!C34 -> Выплачено, Отказ | D10: ='📋 ПРОЕКТЫ'!E34 -> Instagram | E10: ='📋 ПРОЕКТЫ'!G34 -> 60 | F10: ='📋 ПРОЕКТЫ'!H34 -> 6 | G10: ='📋 ПРОЕКТЫ'!I34 -> 10 | H10: ='📋 ПРОЕКТЫ'!I34 -> 10
A11: ='📋 ПРОЕКТЫ'!B26 -> Марафон по религии | B11: ='📋 ПРОЕКТЫ'!D26 -> Дима Кичигин | C11: ='📋 ПРОЕКТЫ'!C26 -> Готов, Выплачено | D11: ='📋 ПРОЕКТЫ'!E26 -> Instagram | E11: ='📋 ПРОЕКТЫ'!G26 -> 90 | F11: ='📋 ПРОЕКТЫ'!H26 -> 90 | G11: ='📋 ПРОЕКТЫ'!I26 -> 100 | H11: ='📋 ПРОЕКТЫ'!I26 -> 100
A12: ='📋 ПРОЕКТЫ'!B25 -> Авто в аренду Москва | B12: ='📋 ПРОЕКТЫ'!D25 -> Артем | C12: ='📋 ПРОЕКТЫ'!C25 -> Выплачено, Готов | D12: ='📋 ПРОЕКТЫ'!E25 -> Instagram | E12: ='📋 ПРОЕКТЫ'!G25 -> 90 | F12: ='📋 ПРОЕКТЫ'!H25 -> 87 | G12: ='📋 ПРОЕКТЫ'!I25 -> 96.7 | H12: ='📋 ПРОЕКТЫ'!I25 -> 96.7
A13: ='📋 ПРОЕКТЫ'!B19 -> Личный бренд девочка танцы | B13: ='📋 ПРОЕКТЫ'!D19 -> Рубцов Александр | C13: ='📋 ПРОЕКТЫ'!C19 -> На паузе | D13: ='📋 ПРОЕКТЫ'!E19 -> Instagram+ТГ | E13: ='📋 ПРОЕКТЫ'!G19 -> 90 | F13: ='📋 ПРОЕКТЫ'!H19 -> 67 | G13: ='📋 ПРОЕКТЫ'!I19 -> 74.4 | H13: ='📋 ПРОЕКТЫ'!I19 -> 74.4
A14: ='📋 ПРОЕКТЫ'!B33 -> Аквапарк Москва | B14: ='📋 ПРОЕКТЫ'!D33 -> ------- | C14: ='📋 ПРОЕКТЫ'!C33 -> Отказ | D14: ='📋 ПРОЕКТЫ'!E33 -> Instagram | E14: ='📋 ПРОЕКТЫ'!G33 -> 90 | F14: ='📋 ПРОЕКТЫ'!H33 -> 0 | G14: ='📋 ПРОЕКТЫ'!I33 -> 0 | H14: ='📋 ПРОЕКТЫ'!I33 -> 0
A15: ='📋 ПРОЕКТЫ'!B36 -> Цветочный Минск | B15: ='📋 ПРОЕКТЫ'!D36 -> Паша Рубцов | C15: ='📋 ПРОЕКТЫ'!C36 -> Выплачено, Отказ | D15: ='📋 ПРОЕКТЫ'!E36 -> Instagram | E15: ='📋 ПРОЕКТЫ'!G36 -> 60 | F15: ='📋 ПРОЕКТЫ'!H36 -> 8 | G15: ='📋 ПРОЕКТЫ'!I36 -> 13.3 | H15: ='📋 ПРОЕКТЫ'!I36 -> 13.3
A16: ='📋 ПРОЕКТЫ'!B27 -> Консалтинг ресторанов | B16: ='📋 ПРОЕКТЫ'!D27 -> Дима Кичигин | C16: ='📋 ПРОЕКТЫ'!C27 -> Готов, Выплачено | D16: ='📋 ПРОЕКТЫ'!E27 -> Instagram | E16: ='📋 ПРОЕКТЫ'!G27 -> 60 | F16: ='📋 ПРОЕКТЫ'!H27 -> 60 | G16: ='📋 ПРОЕКТЫ'!I27 -> 100 | H16: ='📋 ПРОЕКТЫ'!I27 -> 100
A17: ='📋 ПРОЕКТЫ'!B7 -> Мужской бренд одежды | B17: ='📋 ПРОЕКТЫ'!D7 -> Дима Кичигин | C17: ='📋 ПРОЕКТЫ'!C7 -> Ждет выплаты, Готов | D17: ='📋 ПРОЕКТЫ'!E7 -> Instagram+ВК | E17: ='📋 ПРОЕКТЫ'!G7 -> 60 | F17: ='📋 ПРОЕКТЫ'!H7 -> 60 | G17: ='📋 ПРОЕКТЫ'!I7 -> 100 | H17: ='📋 ПРОЕКТЫ'!I7 -> 100
A18: ='📋 ПРОЕКТЫ'!B32 -> Клубника в шоколаде | B18: ='📋 ПРОЕКТЫ'!D32 -> Александр Костя | C18: ='📋 ПРОЕКТЫ'!C32 -> Выплачено, Отказ | D18: ='📋 ПРОЕКТЫ'!E32 -> Instagram | E18: ='📋 ПРОЕКТЫ'!G32 -> 50 | F18: ='📋 ПРОЕКТЫ'!H32 -> 42 | G18: ='📋 ПРОЕКТЫ'!I32 -> 84 | H18: ='📋 ПРОЕКТЫ'!I32 -> 84
A19: ='📋 ПРОЕКТЫ'!B37 -> Студия рисования | B19: ='📋 ПРОЕКТЫ'!D37 -> Паша Рубцов | C19: ='📋 ПРОЕКТЫ'!C37 -> Отказ, Выплачено | D19: ='📋 ПРОЕКТЫ'!E37 -> Instagram | E19: ='📋 ПРОЕКТЫ'!G37 -> 50 | F19: ='📋 ПРОЕКТЫ'!H37 -> 18 | G19: ='📋 ПРОЕКТЫ'!I37 -> 36 | H19: ='📋 ПРОЕКТЫ'!I37 -> 36
A20: ='📋 ПРОЕКТЫ'!B28 -> Роллы, пицца, суши | B20: ='📋 ПРОЕКТЫ'!D28 -> Дима Кичигин | C20: ='📋 ПРОЕКТЫ'!C28 -> Готов, Выплачено | D20: ='📋 ПРОЕКТЫ'!E28 -> Instagram+ВК | E20: ='📋 ПРОЕКТЫ'!G28 -> 50 | F20: ='📋 ПРОЕКТЫ'!H28 -> 50 | G20: ='📋 ПРОЕКТЫ'!I28 -> 100 | H20: ='📋 ПРОЕКТЫ'!I28 -> 100
A21: ='📋 ПРОЕКТЫ'!B30 -> ИИ-тренер | B21: ='📋 ПРОЕКТЫ'!D30 -> ------- | C21: ='📋 ПРОЕКТЫ'!C30 -> На паузе, Отказ | D21: ='📋 ПРОЕКТЫ'!E30 -> Instagram | E21: ='📋 ПРОЕКТЫ'!G30 -> 80 | F21: ='📋 ПРОЕКТЫ'!H30 -> 0 | G21: ='📋 ПРОЕКТЫ'!I30 -> 0 | H21: ='📋 ПРОЕКТЫ'!I30 -> 0
A22: ='📋 ПРОЕКТЫ'!B38 -> Цветы | B22: ='📋 ПРОЕКТЫ'!D38 -> Саша Москва | C22: ='📋 ПРОЕКТЫ'!C38 -> Отказ, Выплачено | D22: ='📋 ПРОЕКТЫ'!E38 -> Instagram | E22: ='📋 ПРОЕКТЫ'!G38 -> 80 | F22: ='📋 ПРОЕКТЫ'!H38 -> 60 | G22: ='📋 ПРОЕКТЫ'!I38 -> 75 | H22: ='📋 ПРОЕКТЫ'!I38 -> 75
A23: ='📋 ПРОЕКТЫ'!B29 -> Квизы | B23: ='📋 ПРОЕКТЫ'!D29 -> Дима Кичигин | C23: ='📋 ПРОЕКТЫ'!C29 -> Готов, Выплачено | D23: ='📋 ПРОЕКТЫ'!E29 -> Instagram | E23: ='📋 ПРОЕКТЫ'!G29 -> 80 | F23: ='📋 ПРОЕКТЫ'!H29 -> 80 | G23: ='📋 ПРОЕКТЫ'!I29 -> 100 | H23: ='📋 ПРОЕКТЫ'!I29 -> 100
A24: ='📋 ПРОЕКТЫ'!B22 -> Диски | B24: ='📋 ПРОЕКТЫ'!D22 -> Дима Кичигин | C24: ='📋 ПРОЕКТЫ'!C22 -> Выплачено, Готов | D24: ='📋 ПРОЕКТЫ'!E22 -> Instagram | E24: ='📋 ПРОЕКТЫ'!G22 -> 80 | F24: ='📋 ПРОЕКТЫ'!H22 -> 80 | G24: ='📋 ПРОЕКТЫ'!I22 -> 100 | H24: ='📋 ПРОЕКТЫ'!I22 -> 100
A25: ='📋 ПРОЕКТЫ'!B40 -> Риелтор Калининград | B25: ='📋 ПРОЕКТЫ'!D40 -> Дима Кичигин | C25: ='📋 ПРОЕКТЫ'!C40 -> Отказ, Выплачено | D25: ='📋 ПРОЕКТЫ'!E40 -> Instagram | E25: ='📋 ПРОЕКТЫ'!G40 -> 80 | F25: ='📋 ПРОЕКТЫ'!H40 -> 47 | G25: ='📋 ПРОЕКТЫ'!I40 -> 58.8 | H25: ='📋 ПРОЕКТЫ'!I40 -> 58.8
A26: ='📋 ПРОЕКТЫ'!B21 -> Риелтор Грозный Альбина | B26: ='📋 ПРОЕКТЫ'!D21 -> Саша Москва | C26: ='📋 ПРОЕКТЫ'!C21 -> Готов, Выплачено | D26: ='📋 ПРОЕКТЫ'!E21 -> Instagram | E26: ='📋 ПРОЕКТЫ'!G21 -> 80 | F26: ='📋 ПРОЕКТЫ'!H21 -> 80 | G26: ='📋 ПРОЕКТЫ'!I21 -> 100 | H26: ='📋 ПРОЕКТЫ'!I21 -> 100
A27: ='📋 ПРОЕКТЫ'!B39 -> Пойзон | B27: ='📋 ПРОЕКТЫ'!D39 -> Саша Москва | C27: ='📋 ПРОЕКТЫ'!C39 -> Выплачено, Готов, Отказ | D27: ='📋 ПРОЕКТЫ'!E39 -> Instagram | E27: ='📋 ПРОЕКТЫ'!G39 -> 80 | F27: ='📋 ПРОЕКТЫ'!H39 -> 51 | G27: ='📋 ПРОЕКТЫ'!I39 -> 63.8 | H27: ='📋 ПРОЕКТЫ'!I39 -> 63.8
A28: ='📋 ПРОЕКТЫ'!B11 -> Личный бренд дети | B28: ='📋 ПРОЕКТЫ'!D11 -> Елена | C28: ='📋 ПРОЕКТЫ'!C11 -> Ждет выплаты, Готов | D28: ='📋 ПРОЕКТЫ'!E11 -> Instagram | E28: ='📋 ПРОЕКТЫ'!G11 -> 80 | F28: ='📋 ПРОЕКТЫ'!H11 -> 80 | G28: ='📋 ПРОЕКТЫ'!I11 -> 100 | H28: ='📋 ПРОЕКТЫ'!I11 -> 100
A29: ='📋 ПРОЕКТЫ'!B12 -> Ресницы | B29: ='📋 ПРОЕКТЫ'!D12 -> Елена | C29: ='📋 ПРОЕКТЫ'!C12 -> Ждет выплаты, Готов | D29: ='📋 ПРОЕКТЫ'!E12 -> Instagram | E29: ='📋 ПРОЕКТЫ'!G12 -> 80 | F29: ='📋 ПРОЕКТЫ'!H12 -> 80 | G29: ='📋 ПРОЕКТЫ'!I12 -> 100 | H29: ='📋 ПРОЕКТЫ'!I12 -> 100
A30: ='📋 ПРОЕКТЫ'!B23 -> Товары оптом из Китая | B30: ='📋 ПРОЕКТЫ'!D23 -> Дима Кичигин | C30: ='📋 ПРОЕКТЫ'!C23 -> Выплачено, Готов | D30: ='📋 ПРОЕКТЫ'!E23 -> Instagram | E30: ='📋 ПРОЕКТЫ'!G23 -> 80 | F30: ='📋 ПРОЕКТЫ'!H23 -> 80 | G30: ='📋 ПРОЕКТЫ'!I23 -> 100 | H30: ='📋 ПРОЕКТЫ'!I23 -> 100
A31: ='📋 ПРОЕКТЫ'!B9 -> Аппаратный массаж | B31: ='📋 ПРОЕКТЫ'!D9 -> Миша | C31: ='📋 ПРОЕКТЫ'!C9 -> Ждет выплаты, Выкладывается | D31: ='📋 ПРОЕКТЫ'!E9 -> Instagram | E31: ='📋 ПРОЕКТЫ'!G9 -> 80 | F31: ='📋 ПРОЕКТЫ'!H9 -> 80 | G31: ='📋 ПРОЕКТЫ'!I9 -> 100 | H31: ='📋 ПРОЕКТЫ'!I9 -> 100
A32: ='📋 ПРОЕКТЫ'!B13 -> Обучение детей плаванию | B32: ='📋 ПРОЕКТЫ'!D13 -> Артем | C32: ='📋 ПРОЕКТЫ'!C13 -> В работе | D32: ='📋 ПРОЕКТЫ'!E13 -> Instagram | E32: ='📋 ПРОЕКТЫ'!G13 -> 80 | F32: ='📋 ПРОЕКТЫ'!H13 -> 45 | G32: ='📋 ПРОЕКТЫ'!I13 -> 56.3 | H32: ='📋 ПРОЕКТЫ'!I13 -> 56.3
A33: ='📋 ПРОЕКТЫ'!B35 -> Психолог | B33: ='📋 ПРОЕКТЫ'!D35 -> Елена | C33: ='📋 ПРОЕКТЫ'!C35 -> На паузе, Отказ | D33: ='📋 ПРОЕКТЫ'!E35 -> Instagram | E33: ='📋 ПРОЕКТЫ'!G35 -> 80 | F33: ='📋 ПРОЕКТЫ'!H35 -> 6 | G33: ='📋 ПРОЕКТЫ'!I35 -> 7.5 | H33: ='📋 ПРОЕКТЫ'!I35 -> 7.5
A34: ='📋 ПРОЕКТЫ'!B8 -> Картины по металлу | B34: ='📋 ПРОЕКТЫ'!D8 -> Дима Кичигин | C34: ='📋 ПРОЕКТЫ'!C8 -> Ждет выплаты, Готов | D34: ='📋 ПРОЕКТЫ'!E8 -> Instagram | E34: ='📋 ПРОЕКТЫ'!G8 -> 80 | F34: ='📋 ПРОЕКТЫ'!H8 -> 80 | G34: ='📋 ПРОЕКТЫ'!I8 -> 100 | H34: ='📋 ПРОЕКТЫ'!I8 -> 100
A35: ='📋 ПРОЕКТЫ'!B20 -> Идилия капельницы
A36: ='📋 ПРОЕКТЫ'!B24 -> Покер Москва
A37: ='📋 ПРОЕКТЫ'!B10 -> Покер еще новый, не знаю как маркировать

Sheet 📋 ПРОЕКТЫ
A2: 📋 БАЗА ПРОЕКТОВ
A4: № | B4: Название проекта | C4: Этап | D4: Ответственный | E4: Платформа | F4: Приоритет | G4: План рилсов | H4: Сделано рилсов | I4: % выполнения | J4: Дата начала | K4: Комментарий
A5: 12 | B5: Производство мебели | C5: В работе | D5: Артем | E5: Instagram | F5: 5 | G5: 80 | H5: 6 | I5: =IF(G5=0,0,ROUND(H5/G5*100,1)) -> 7.5 | J5: 46136
A6: 13 | B6: Трейдинг | C6: В работе | D6: Артем | E6: Instagram | F6: 5 | G6: 80 | H6: 6 | I6: =IF(G6=0,0,ROUND(H6/G6*100,1)) -> 7.5 | J6: 46136
A7: 1 | B7: Мужской бренд одежды | C7: Ждет выплаты, Готов | D7: Дима Кичигин | E7: Instagram+ВК | F7: 10 | G7: 60 | H7: 60 | I7: =IF(G7=0,0,ROUND(H7/G7*100,1)) -> 100
A8: 2 | B8: Картины по металлу | C8: Ждет выплаты, Готов | D8: Дима Кичигин | E8: Instagram | F8: 5 | G8: 80 | H8: 80 | I8: =IF(G8=0,0,ROUND(H8/G8*100,1)) -> 100
A9: 3 | B9: Аппаратный массаж | C9: Ждет выплаты, Выкладывается | D9: Миша | E9: Instagram | F9: 5 | G9: 80 | H9: 80 | I9: =IF(G9=0,0,ROUND(H9/G9*100,1)) -> 100
A10: 4 | B10: Покер еще новый, не знаю как маркировать | C10: В работе | D10: Валера | E10: Instagram | F10: 10 | G10: 80 | H10: 30 | I10: =IF(G10=0,0,ROUND(H10/G10*100,1)) -> 37.5 | J10: 46110
A11: 5 | B11: Личный бренд дети | C11: Ждет выплаты, Готов | D11: Елена | E11: Instagram | F11: 5 | G11: 80 | H11: 80 | I11: =IF(G11=0,0,ROUND(H11/G11*100,1)) -> 100
A12: 6 | B12: Ресницы | C12: Ждет выплаты, Готов | D12: Елена | E12: Instagram | F12: 5 | G12: 80 | H12: 80 | I12: =IF(G12=0,0,ROUND(H12/G12*100,1)) -> 100
A13: 7 | B13: Обучение детей плаванию | C13: В работе | D13: Артем | E13: Instagram | F13: 5 | G13: 80 | H13: 45 | I13: =IF(G13=0,0,ROUND(H13/G13*100,1)) -> 56.3
A14: 8 | B14: Рольставни | C14: В работе | D14: Дима Кичигин | E14: Instagram | F14: 5 | G14: 80 | H14: 35 | I14: =IF(G14=0,0,ROUND(H14/G14*100,1)) -> 43.8 | J14: 46118
A15: 9 | B15: Дизайн интерьера | C15: В работе | D15: Елена | E15: Instagram | F15: 5 | G15: 80 | H15: 52 | I15: =IF(G15=0,0,ROUND(H15/G15*100,1)) -> 65 | J15: 46118
A16: 10 | B16: Туры в Сахалин | C16: В работе | D16: Артем | E16: Instagram | F16: 5 | G16: 80 | H16: 31 | I16: =IF(G16=0,0,ROUND(H16/G16*100,1)) -> 38.8 | J16: 46118
A17: 11 | B17: Психолог новый | C17: В работе | D17: Елена | E17: Instagram | F17: 5 | G17: 80 | H17: 61 | I17: =IF(G17=0,0,ROUND(H17/G17*100,1)) -> 76.3 | J17: 46118
A18: 13 | B18: Репетитор Английский | C18: На паузе | D18: Артем | E18: Instagram | F18: 5 | G18: 80 | H18: 32 | I18: =IF(G18=0,0,ROUND(H18/G18*100,1)) -> 40 | J18: 46118
A19: 14 | B19: Личный бренд девочка танцы | C19: На паузе | D19: Рубцов Александр | E19: Instagram+ТГ | F19: 6 | G19: 90 | H19: 67 | I19: =IF(G19=0,0,ROUND(H19/G19*100,1)) -> 74.4
A20: 15 | B20: Идилия капельницы | C20: На паузе | D20: Дима Кичигин | E20: Instagram | F20: 7 | G20: 80 | H20: 0 | I20: =IF(G20=0,0,ROUND(H20/G20*100,1)) -> 0 | J20: 46112
A21: 16 | B21: Риелтор Грозный Альбина | C21: Готов, Выплачено | D21: Саша Москва | E21: Instagram | F21: 5 | G21: 80 | H21: 80 | I21: =IF(G21=0,0,ROUND(H21/G21*100,1)) -> 100
A22: 17 | B22: Диски | C22: Выплачено, Готов | D22: Дима Кичигин | E22: Instagram | F22: 5 | G22: 80 | H22: 80 | I22: =IF(G22=0,0,ROUND(H22/G22*100,1)) -> 100
A23: 18 | B23: Товары оптом из Китая | C23: Выплачено, Готов | D23: Дима Кичигин | E23: Instagram | F23: 5 | G23: 80 | H23: 80 | I23: =IF(G23=0,0,ROUND(H23/G23*100,1)) -> 100
A24: 19 | B24: Покер Москва | C24: Выплачено, Готов | D24: Валера | E24: Instagram | F24: 8 | G24: 80 | H24: 80 | I24: =IF(G24=0,0,ROUND(H24/G24*100,1)) -> 100
A25: 20 | B25: Авто в аренду Москва | C25: Выплачено, Готов | D25: Артем | E25: Instagram | F25: 8 | G25: 90 | H25: 87 | I25: =IF(G25=0,0,ROUND(H25/G25*100,1)) -> 96.7
A26: 21 | B26: Марафон по религии | C26: Готов, Выплачено | D26: Дима Кичигин | E26: Instagram | F26: 8 | G26: 90 | H26: 90 | I26: =IF(G26=0,0,ROUND(H26/G26*100,1)) -> 100
A27: 22 | B27: Консалтинг ресторанов | C27: Готов, Выплачено | D27: Дима Кичигин | E27: Instagram | F27: 8 | G27: 60 | H27: 60 | I27: =IF(G27=0,0,ROUND(H27/G27*100,1)) -> 100
A28: 23 | B28: Роллы, пицца, суши | C28: Готов, Выплачено | D28: Дима Кичигин | E28: Instagram+ВК | F28: 4 | G28: 50 | H28: 50 | I28: =IF(G28=0,0,ROUND(H28/G28*100,1)) -> 100
A29: 24 | B29: Квизы | C29: Готов, Выплачено | D29: Дима Кичигин | E29: Instagram | F29: 5 | G29: 80 | H29: 80 | I29: =IF(G29=0,0,ROUND(H29/G29*100,1)) -> 100
A30: 25 | B30: ИИ-тренер | C30: На паузе, Отказ | D30: ------- | E30: Instagram | F30: 5 | G30: 80 | H30: 0 | I30: =IF(G30=0,0,ROUND(H30/G30*100,1)) -> 0
A31: 26 | B31: Покер Питер | C31: Выплачено, Готов | D31: Рубцов Александр | E31: Instagram | F31: 8 | G31: 90 | H31: 90 | I31: =IF(G31=0,0,ROUND(H31/G31*100,1)) -> 100
A32: 27 | B32: Клубника в шоколаде | C32: Выплачено, Отказ | D32: Александр Костя | E32: Instagram | F32: 10 | G32: 50 | H32: 42 | I32: =IF(G32=0,0,ROUND(H32/G32*100,1)) -> 84
... A38: 33 | B38: Цветы | C38: Отказ, Выплачено | D38: Саша Москва | E38: Instagram | F38: 5 | G38: 80 | H38: 60 | I38: =IF(G38=0,0,ROUND(H38/G38*100,1)) -> 75
A39: 34 | B39: Пойзон | C39: Выплачено, Готов, Отказ | D39: Саша Москва | E39: Instagram | F39: 5 | G39: 80 | H39: 51 | I39: =IF(G39=0,0,ROUND(H39/G39*100,1)) -> 63.8 | K39: Выплачена часть Косте, Костя сделал 45 рилсов
A40: 35 | B40: Риелтор Калининград | C40: Отказ, Выплачено | D40: Дима Кичигин | E40: Instagram | F40: 5 | G40: 80 | H40: 47 | I40: =IF(G40=0,0,ROUND(H40/G40*100,1)) -> 58.8

Sheet 📈 АНАЛИТИКА
A2: 📈 АНАЛИТИКА ПО ПРОЕКТАМ
A4: Проект | B4: Ответственный | C4: Начало выкладки | D4: Просмотры | E4: Подписки | F4: Всего подписчиков (подписки - отмененные) | G4: Взаимодействия | H4: Комментарий
A5: Диски | B5: Дима Кичигин | C5: 46092 | D5: 252295 | E5: 54 | F5: 32 | G5: 651 | H5: 11.03-16.04
A6: Товары оптом из Китая | B6: Дима Кичигин | C6: 46092 | D6: 402961 | E6: 1710 | F6: 1688 | G6: 8112 | H6: 11.03-16.04
A7: Покер Москва | B7: Валера | C7: 17.03 | D7: 133826 | E7: 63 | F7: 49 | G7: 716
A8: Риелтор Грозный Альбина | B8: Александр | C8: 46091 | D8: 44473 | F8: 23 | G8: 349 | H8: 10.03 - 02.04
A9: Картины по металлу | B9: Дима Кичигин | C9: 46104 | D9: 59626 | E9: 0 | F9: 0 | G9: 822 | H9: 23.03-16.04
A10: Мужской бренд одежды | B10: Дима Кичигин | C10: 46104 | D10: 15193 | E10: 5 | F10: 2 | G10: 122 | H10: 23.03-16.04
A11: Идилия капельницы | B11: Дима Кичигин | C11: 46112 | D11: - | E11: - | F11: - | G11: -
A12: Покер Балашиха | B12: Валера | C12: 46033 | D12: 27879 | E12: 35 | F12: 31 | G12: 198
A13: Аппаратный массаж | B13: Миша | C13: 46091 | D13: 4015 | E13: 0 | F13: 0 | G13: 25
A14: Авто в аренду Москва | B14: Артем | C14: 46082 | D14: 156849 | E14: 24 | F14: -10 | G14: 984
A15: Обучение детей плаванию | B15: Артем | C15: 46103 | D15: 81754 | E15: 16 | F15: 13 | G15: 304
A16: Личный бренд девочка танцы | B16: Рубцов Александр | C16: - | D16: - | E16: - | F16: - | G16: -
A17: Личный бренд дети | B17: Елена | C17: 46106 | D17: 1601 | E17: 0 | F17: 0 | G17: 12 | H17: 25.03- 16.04
A18: Ресницы | B18: Елена | C18: 46101 | D18: 30156 | E18: 20 | F18: 3 | G18: 82 | H18: 20.03-15.04
A19: Психолог | B19: Елена | C19: 46122 | D19: 3752 | E19: 0 | F19: 0 | G19: 14 | H19: 10.04-16.04
A20: Дизайн интерьера | B20: Елена | C20: 46122 | D20: 7463 | E20: 30 | F20: 29 | G20: 241 | H20: 10.04-15.04
A21: Рольставни | B21: Дима Кичигин | C21: 46118 | D21: - | E21: - | F21: - | G21: - | H21: 1000+
A22: Туры в Сахалин | B22: Артем | C22: 46118 | D22: - | E22: - | F22: - | G22: -
A23: Пойзон | B23: Александр | C23: - | D23: - | E23: - | F23: - | G23: - | H23: Пауза
A24: Квизы | B24: Дима Кичигин | C24: 46075 | E24: 0 | F24: 0 | G24: 0
A25: Консалтинг ресторанов | B25: Дима Кичигин | C25: 46070 | D25: 10395 | E25: 0 | F25: 0 | G25: 37 | H25: 17.02-30.03
A26: Марафон по религии | B26: Дима Кичигин | C26: 46070 | D26: 178823 | E26: 181 | F26: 87 | G26: 71 | H26: 17.02-30.03
A27: Роллы, пицца, суши | B27: Дима Кичигин | C27: 46063 | D27: 39371 | E27: 5 | F27: 4 | G27: 76 | H27: 10.02-30.03
A28: Риелтор Калининград | B28: Дима Кичигин | C28: 46091 | D28: 2855 | E28: 19 | F28: 0 | G28: 1
A29: Репетитор Английский | B29: Артем | C29: 46118 | D29: - | E29: - | F29: - | G29: -
A30: Цветы | B30: ------ | C30: - | D30: - | E30: - | F30: - | G30: -
A31: Покер Питер | B31: ------ | C31: - | D31: - | E31: - | F31: - | G31: -
A32: Баер из Китая | B32: ------ | C32: - | D32: - | E32: - | F32: - | G32: -
A33: ИИ-тренер | B33: ------ | C33: - | D33: - | E33: - | F33: - | G33: -
A34: Клубника в шоколаде | B34: ------ | C34: - | D34: - | E34: - | F34: - | G34: -
A35: Студия рисования | B35: ------ | C35: - | D35: - | E35: - | F35: - | G35: -
A36: Цветочный Минск | B36: ------ | C36: - | D36: - | E36: - | F36: - | G36: -
A37: Аквапарк Москва | B37: ------ | C37: - | D37: - | E37: - | F37: - | G37: -

Sheet 📌 ЗАДАЧИ
A2: 📌 ДОП. ЗАДАЧИ И ПОРУЧЕНИЯ
A3: № | B3: Проект | C3: Задача | D3: Срок начала | E3: Срок окончания | F3: Ответственный | G3: Этап | H3: Комментарий
A4: 1 | B4: Все проекты | C4: Создать чек-листы и прикрепить в таблицу + прописать комментарии | D4: 04.02.2026 | E4: 05.02.2026 | F4: Александр Рубцов | G4: Готово | H4: Сделано!
A5: 2 | B5: Все проекты | C5: Назначить ответственных и начать выкладку по всем активным проектам | D5: 04.02.2026 | E5: 15.02.2026 | F5: Александр Рубцов | G5: Готово | H5: В процессе
A6: 3 | B6: Клубника в шоколаде | C6: Найти оператора в Иркутске за 10 тыс. на 4-5 часов с камерой и светом | D6: 04.02.2026 | E6: 15.02.2026 | F6: Александр Рубцов | G6: В работе
A7: 4 | B7: Марафон по религии | C7: Выплатить Насте за религию | D7: 04.02.2026 | E7: 15.02.2026 | F7: Александр Рубцов | G7: Ждет Матвея
A8: 5 | B8: БАДы | C8: Выплатить Диме за БАДы | D8: 04.02.2026 | E8: 15.02.2026 | F8: Александр Рубцов | G8: Готово
A9: 6 | B9: Консалтинг ресторанов | C9: Поменять проект и поставить замену в ближайшее время | D9: 12.02.2026 | E9: 13.02.2026 | G9: Готово

Sheet 👥 СОТРУДНИКИ
A2: 👥 КОМАНДА
A4: Имя | B4: Фамилия | C4: Город | D4: Занятость | E4: Активные проекты | F4: Статус | G4: Комментарий
A5: Александр | B5: Рубцов | C5: Новоуральск | D5: Учеба + работа | E5: Девочка танцы | F5: Админ
A6: Елена | C6: Новоуральск | D6: Работа | E6: Ресницы, Личный бренд дети | F6: Активен
A7: Дима | B7: Кичигин | C7: Новоуральск | D7: Свободен | E7: Марафон, Консалтинг, Диски, Квизы | F7: Активен
A8: Александр | C8: Москва | D8: Учеба + работа | E8: Риелтор Грозный, Цветы | F8: НЕАктивен
A9: Артем | C9: Екатеринбург | D9: Учеба + работа | E9: Авто в аренду Москва | F9: Активен
A10: Валера | C10: Новоуральск | D10: Свободен | E10: Покер Москва | F10: Активен
A11: Виктор | B11: Федосеев | C11: Новоуральск | D11: Работа | E11: Обучение плаванию | F11: НЕАктивен
A12: Паша | B12: Рубцов | C12: Новоуральск | D12: Учеба | E12: Цветочный Минск, Студия рисования | F12: НЕАктивен
A13: Константин | C13: Новоуральск | D13: Учеба + работа | F13: НЕАктивен
A14: Виктория | C14: Новоуральск | D14: Работа | F14: НЕАктивен | G14: Нет ноутбука
A15: Миша | C15: Екатеринбург | D15: Учеба + работа | F15: Стажер

Sheet 🔐 ДОСТУПЫ
A2: 🔐 КОНФИДЕНЦИАЛЬНЫЕ ДАННЫЕ — ТОЛЬКО ДЛЯ РУКОВОДИТЕЛЯ
A4: ⚠️ Этот лист содержит пароли и личные ссылки. Не давайте доступ сотрудникам. Скройте лист перед отправкой файла.
A6: Проект | B6: Ссылка на TG-группу | C6: Логин / Email | D6: Пароль | E6: Примечание | F6: Столбец 1
A7: Покер Москва | B7: https://t.me/+95sY8wwOUvkwYWUy | C7: poker.nuts.moscow | D7: NutS1232123 | E7: 2508507
A8: Марафон по религии | B8: https://t.me/+XBMXNRpdGM9lZTBi | C8: ocmpie | D8: Лцлцзц8ц8ц726цыдyeщц9ستزصضعىشرسلهhav&1quoهستيريهлhрyakЦойويصح@& | E8: Код: 24015867
A9: Авто в аренду Москва | B9: https://t.me/+L_NlJai8Um1mM2Yy | C9: rescom_prokatmsk | D9: rescomspb2021
A10: Личный бренд девочка танцы | B10: https://t.me/+JtqMzj_lKmYwNGM6 | C10: alex.queendance | D10: Sasa2408
A11: Консалтинг ресторанов | B11: https://t.me/+LgoX66sDcMAzZWEy | C11: dmitriy.rest | D11: chef_dima97
A12: Мужской бренд одежды | B12: https://t.me/+pZGMqPmSCfYxNTk6 | C12: giotelli.brand | D12: raf159159raf
A13: Диски | B13: https://t.me/+aVYFzGvo6MpjOTIy | C13: pokraska__diskov
A14: Риелтор Грозный Альбина | B14: https://t.me/+xpiXoudxuEw2MmFi | C14: albina.taemkalfa | D14: kalfa123
A15: Пойзон | B15: https://t.me/+PM6Q2Fubj5swY2Iy
A16: Личный бренд дети | B16: https://t.me/+K67FdYaPjSo0NmRi | C16: artemovideti@gmail.com | D16: Qwer1234!@#$
A17: Ресницы | B17: https://t.me/+L-1J81nsXr42N2Zi | C17: 89139873880 | D17: VSJ-25-3st?
A18: Товары оптом из Китая | B18: https://t.me/+NxybtOC8j5I3NDYy | C18: fabrika_proizvodstvo | D18: 13022007Maryamm
A19: Аппаратный массаж | B19: https://t.me/+qJlVwg7gNNAyN2Yy | C19: vayvichenskiy | D19: pv123pv! | E19: secret.lpg | F19: MRT123mrt!
A20: Обучение детей плаванию | B20: https://t.me/+fpE1h4VgBmA1NWYy | C20: Kosatka_swim | D20: RUS-lan123/
A21: Психолог | B21: https://t.me/+NwgsUIprXj81ZWZi | C21: komkovdenis | D21: 10K287ek50
A22: Картины по металлу | B22: https://t.me/+x1o0ngZGpINkMGQy | C22: Sofi_rina582 | D22: 1021994Zz@
A23: Идилия капельницы
A24: Покер еще новый
A25: Рольставни | B25: https://t.me/+7HP1WnxbuacyNDhi | C25: yaroslavl100kittov@yandex.ru | D25: 100Kitt))
A26: Дизайн интерьера | B26: https://t.me/+JIyEPovWmYs0MDIy | C26: mkvisionn | D26: PriVet2026fromFRy!?
A27: Туры в Сахалин | B27: https://t.me/+eerWvaPTnFhmNTcy | C27: posahalinu.ru | D27: Cf[nthhf88+
A28: Репетитор Английский | B28: https://t.me/+lS53JnmuWHtjODM6 | C28: malynovan@gmail.com | D28: !MNa87654321
A29: Психолог новый | B29: https://t.me/+y4clgj6QrRxlODAy | C29: ZaurFinance71@gmail.com | D29: Finansist71
